1,Mercurial,Nike,Lorem ipsum,Football,Chaussures,140,43,Football/mercurial.jpg
2,Maillot home PSG,Nike,Lorem ipsum,Football,Maillot,85,M,Football/maillotHomePSG.jpg
3,Maillot home Marseille,Adidas,Lorem ipsum,Football,Maillot,85,L,Football/maillotHomeMarseille.jpg
4,Short Federer,Nike,Lorem ipsum,Tennis,Short,35,S,Tennis/shortFederer.jpg
5,Survêtement Cleveland,Under armour,Lorem ipsum,Basketball,Pantalon,70,XL,Basketball/survetementCleveland.jpg
6,Pantalon survêtement,Puma,Lorem ipsum,Rugby,Pantalon,130,XXL,Rugby/survetementRugby.jpg
7,Short Warriors,Nike,Lorem ipsum,Basketball,Short,45,M,Basketball/shortWarriors.jpg
8,Short away PSG,Nike,Lorem ipsum,Football,Short,35,XS,Football/shortAwayPSG.jpg
9,T-Shirt rugby,Puma,Lorem ipsum,Rugby,T-Shirt,15,M,Rugby/t-shirtRugby.jpg
10,T-Shirt Jordan,Adidas,Lorem ipsum,Basketball,T-Shirt,30,L,Basketball/t-shirtJordan.jpg
11,T-Shirt Federer,Nike,Lorem ipsum,Tennis,T-Shirt,35,XL,Tennis/t-shirtFederer.jpg
12,Tiempo,Nike,Lorem ipsum,Football,Chaussures,100,45,Football/tiempo.jpg
13,Hypervenom,Nike,Lorem ipsum,Football,Chaussures,200,46,Football/hypervenom.jpg
14,Survêtement Bulls,Adidas,Lorem ipsum,Basketball,Pantalon,90,S,Basketball/survetementBulls.jpg
